Designator,Val,Package,Mid X,Mid Y,Rotation,Layer
C1,10nF,C_0402,157.6,-126.0,-90.0,top
C10,100nF,C_0603,140.675,-105.6,0.0,top
C12,100nF,C_0402,178.9,-123.1,180.0,top
C13,10nF,C_0402,186.1,-122.725,0.0,top
C14,20pF,C_0402,188.245,-100.325,180.0,top
C15,20pF,C_0402,188.17,-104.0,0.0,top
C17,2.2pF,C_0402,161.075,-107.85,-90.0,top
C18,3.3pF,C_0402,158.475,-107.85,-90.0,top
C19,1uF,C_0402,162.55,-100.45,180.0,top
C2,10nF,C_0402,157.6,-121.4,90.0,top
C22,1.5pF,C_0402,162.4,-106.6,45.0,top
C23,100nF,C_0402,180.0,-104.625,180.0,top
C25,100nF,C_0402,159.897273,-105.88318,-20.0,top
C26,10nF,C_0402,157.2,-108.05,-90.0,top
C27,1uF,C_0402,155.5,-108.8,-90.0,top
C28,100nF,C_0402,160.3,-102.9,-90.0,top
C29,1uF,C_0402,160.3,-101.1,90.0,top
C3,100nF,C_0402,145.0,-109.525,180.0,top
C30,10uF,C_0805,104.55,-118.6,180.0,top
C31,10uF,C_0805,101.15,-120.6,180.0,top
C32,10uF,C_0805,104.55,-120.6,180.0,top
C33,10uF,C_0805,101.15,-122.6,180.0,top
C34,10uF,C_0805,104.55,-122.6,180.0,top
C35,10uF,C_0805,101.15,-116.6,180.0,top
C37,100nF,C_0402,148.0,-106.6,90.0,top
C38,220nF,C_0805,104.55,-116.6,180.0,top
C39,220nF,C_0805,101.15,-118.6,180.0,top
C4,100nF,C_0402,143.1,-115.275,-90.0,top
C40,100nF,C_0805,106.6,-103.2,180.0,top
C41,22uF,C_0805,112.4,-109.7,-90.0,top
C42,22uF,C_0805,119.0,-109.7,-90.0,top
C43,47pF,C_0402,109.075,-109.37,-90.0,top
C44,4.7nF,C_0402,109.075,-107.37,90.0,top
C45,22uF,C_0805,116.8375,-109.7,-90.0,top
C46,22uF,C_0805,114.6375,-109.7,-90.0,top
C47,22uF,C_0805,121.2,-109.7,-90.0,top
C49,100uF,CP_Elec_10x10,113.194944,-90.805459,0.0,top
C5,100nF,C_0402,157.95,-112.15,90.0,top
C50,100uF,CP_Elec_10x10,129.1325,-108.3,180.0,top
C51,100nF,C_0402,189.05,-86.7,0.0,top
C52,100nF,C_0402,150.2,-105.69,180.0,top
C53,100nF,C_0402,159.375,-104.79,0.0,top
C54,100nF,C_0402,175.6,-98.225,-90.0,top
C55,100nF,C_0402,188.594119,-107.981066,90.0,top
C57,30pF,C_0402,153.55,-109.625,180.0,top
C58,30pF,C_0402,153.475,-113.525,0.0,top
C59,10uF,C_0402,159.5,-101.1,90.0,top
C6,100nF,C_0402,148.125,-109.325,0.0,top
C7,100nF,C_0402,146.525,-112.9,90.0,top
C8,100nF,C_0402,166.3,-111.1,90.0,top
C9,100nF,C_0603,137.875,-105.6,0.0,top
C900,100nF,C_0402,177.2,-111.65,0.0,top
C902,10uF,C_0402,177.2,-112.45,0.0,top
C904,1uF,C_0402,175.9,-112.15,-90.0,top
D1,SMF58CA,D_SOD-123FL,112.0,-113.8,0.0,top
D2,Red,D_0603,197.1,-113.9,180.0,top
D3,SS510B,D_SMB,105.0,-99.6,180.0,top
D301,Red,D_0603,173.1,-112.35,-90.0,top
D4,SS510B,D_SMB,127.4,-99.9,180.0,top
D5,SM4007PL,D_SOD-123FL,168.95,-111.675,0.0,top
D6,1N5819WS,D_SOD-323,190.425,-115.85,90.0,top
D7,1N5819WS,D_SOD-323,188.525,-115.85,90.0,top
D8,TPD1E0B04DPYR,X1SON-2_L1.0-W0.6-P0.65-BI,189.14,-95.11,90.0,top
FB1,~,FB_0805,161.6,-103.5,90.0,top
H1,M2.5 Mount,MountingHole_2.7mm_M2.5_DIN965_Pad_TopOnly,103.0,-86.0,0.0,top
H2,M2.5 mount,MountingHole_2.7mm_M2.5,195.0,-86.0,0.0,top
H3,M2.5 mount,MountingHole_2.7mm_M2.5,103.0,-128.0,0.0,top
H4,M2.5 mount,MountingHole_2.7mm_M2.5,195.0,-128.0,0.0,top
J1,86093488324755V1LF,DIN41612_C2_3x16_Female_Vertical_THT,149.0,-90.74,90.0,top
J2,AMASS XT60,AMASS_XT60PW-M_1x02_P7.20mm_Horizontal,114.5,-120.325,180.0,top
J4,USB_C_Receptacle_USB2.0_16P,USB_C_Receptacle_GCT_USB4105-xx-A_16P_TopMnt_Horizontal,181.69,-127.165,0.0,top
J5,Conn_Coaxial,SMA_Amphenol_901-143_Horizontal,194.500583,-94.6,-90.0,top
J7,AMASS XT60,AMASS_XT60PW-F_1x02_P7.20mm_Horizontal,131.0,-120.325,180.0,top
J8,RJ45_LED_Shielded,RJ45_Amphenol_RJHSE538X,167.03,-123.0675,180.0,top
J9,RJ45_LED_Shielded,RJ45_Amphenol_RJHSE538X,148.13,-123.0675,180.0,top
KEY1,TL2243,KEY-TH_TL2243,196.1075,-108.6825,90.0,top
L1,YSPI1050-100M,L_Sunlord_MWSA1005S,116.1625,-102.385,0.0,top
L2,"15nH,300mA",L_0402,156.55,-111.1,90.0,top
L3,2n,C_0402,159.775,-107.35,0.0,top
L5,"3.9nH,300mA",L_0402,163.775,-106.0,-45.0,top
LED1,FixLed307,FixLed307,189.4164,-126.358255,180.0,top
LED2,FixLed307,FixLed307,193.258255,-101.5836,-90.0,top
Q1,MMBT3904 100-300,Q_SOT-23,173.25,-100.65,180.0,top
Q2,MMBT3904 100-300,Q_SOT-23,170.25,-103.4125,180.0,top
R1,220Ω,R_0402,185.275,-114.375,90.0,top
R10,10kΩ,R_0402,159.6,-111.2,90.0,top
R11,1kΩ,R_0402,194.4,-113.8,0.0,top
R12,10kΩ,R_0402,146.6,-111.025,90.0,top
R13,10kΩ,R_0402,169.725,-113.75,90.0,top
R14,22kΩ,R_0402,168.925,-113.75,-90.0,top
R15,10kΩ,R_0402,168.125,-113.75,-90.0,top
R16,22Ω,R_0402,172.7,-110.0775,180.0,top
R17,22Ω,R_0402,172.7,-109.2775,180.0,top
R2,220Ω,R_0402,183.675,-114.375,90.0,top
R23,10kΩ,R_0402,191.544119,-109.881066,-90.0,top
R24,10kΩ,R_0402,186.544119,-108.406066,-90.0,top
R25,5.1kΩ,R_0402,176.4,-127.3,-90.0,top
R26,5.1kΩ,R_0402,176.4,-130.7,90.0,top
R27,33kΩ,R_0402,184.3,-122.725,180.0,top
R28,10kΩ,R_0402,175.605,-101.85,90.0,top
R29,10kΩ,R_0402,175.6,-100.05,-90.0,top
R3,220Ω,R_0402,184.475,-114.375,90.0,top
R30,1kΩ,R_0402,190.85,-118.925,-90.0,top
R308,1kΩ,R_0402,174.25,-112.15,-90.0,top
R31,1kΩ,R_0402,190.05,-118.925,-90.0,top
R32,1kΩ,R_0402,190.7,-106.4,90.0,top
R33,24.9kΩ,R_0402,104.2,-124.2,180.0,top
R34,24.9kΩ,R_0402,101.4,-124.2,180.0,top
R35,1kΩ,R_0402,191.5,-106.4,90.0,top
R36,43kΩ,R_0603,107.1875,-110.835,180.0,top
R37,8.2kΩ,R_0402,104.8,-110.7,180.0,top
R38,12kΩ,R_0402,110.075,-109.37,90.0,top
R39,240kΩ,R_0603,102.3875,-110.835,0.0,top
R4,220Ω,R_0402,186.075,-114.375,90.0,top
R40,10kΩ,R_0402,191.55,-111.75,90.0,top
R41,10kΩ,R_0402,191.65,-113.7,180.0,top
R42,0Ω,R_0402,185.42,-94.6,0.0,top
R43,0Ω,R_0402,149.8,-102.2,180.0,top
R44,0Ω,R_0402,149.8,-101.4,180.0,top
R45,0Ω,R_0402,149.8,-103.0,180.0,top
R46,0Ω,R_0402,149.79,-104.6,180.0,top
R47,0Ω,R_0402,149.8,-100.29,180.0,top
R48,0Ω,R_0402,149.8,-103.8,180.0,top
R49,510Ω,R_0402,150.175,-107.025,0.0,top
R5,33kΩ,R_0402,157.6,-128.2,-90.0,top
R50,22Ω,R_0402,153.675,-100.39,90.0,top
R51,22Ω,R_0402,152.875,-100.39,90.0,top
R52,10kΩ,R_0402,157.425,-97.35,0.0,top
R53,10kΩ,R_0402,162.55,-101.25,180.0,top
R54,10kΩ,R_0402,157.425,-98.15,0.0,top
R55,10kΩ,R_0402,157.425,-98.95,0.0,top
R56,10kΩ,R_0402,160.85,-98.4,90.0,top
R59,10kΩ,R_0402,181.0,-85.75,0.0,top
R6,33kΩ,R_0402,157.6,-119.4,90.0,top
R60,10kΩ,R_0402,181.0,-86.55,0.0,top
R61,10kΩ,R_0402,185.744119,-108.406066,90.0,top
R62,10kΩ,R_0402,190.05,-88.55,90.0,top
R66,10kΩ,R_0402,178.05,-88.7,-90.0,top
R67,10kΩ,R_0402,178.95,-88.7,-90.0,top
R68,10kΩ,R_0402,179.85,-88.7,-90.0,top
R7,10kΩ,R_0402,145.029399,-114.773513,180.0,top
R8,10kΩ,R_0402,158.275,-110.35,-90.0,top
R9,22kΩ,R_0402,157.475,-110.35,90.0,top
R902,22Ω,R_0402,178.4,-106.85,180.0,top
R903,22Ω,R_0402,178.4,-106.05,180.0,top
R906,22Ω,R_0402,173.6,-105.825,0.0,top
R907,22Ω,R_0402,173.6,-106.625,0.0,top
SW1,SK12D07VG5,SW-TH_SK12D07VG5-1,194.1,-119.75,90.0,top
SW3,TC-6615Z-12.5-260,SW-TH_4P-L7.3-TC-6615Z-12.5-260,181.6825,-118.25,0.0,top
TP1,TestPoint,TestPoint_Pad_D1.0mm,141.7,-97.4,0.0,bottom
TP16,TestPoint,TestPoint_Pad_D1.0mm,103.4,-113.5,0.0,bottom
TP17,TestPoint,TestPoint_Pad_D1.0mm,110.2,-110.8,0.0,bottom
TP18,TestPoint,TestPoint_Pad_D1.0mm,108.4,-109.4,0.0,bottom
TP19,TestPoint,TestPoint_Pad_D1.0mm,111.2,-109.0,0.0,bottom
TP2,TestPoint,TestPoint_Pad_D1.0mm,142.475,-100.725,0.0,bottom
TP20,TestPoint,TestPoint_Pad_D1.0mm,104.4,-111.2,0.0,bottom
TP3,TestPoint,TestPoint_Pad_D1.0mm,136.95,-100.45,0.0,bottom
TP4,TestPoint,TestPoint_Pad_D1.0mm,138.95,-99.8,0.0,bottom
U1,TJA1044GTK_3Z,HVSON-8-1EP_3x3mm_P0.65mm_EP1.6x2.4mm,144.35,-112.175,-90.0,top
U10,AT24C256C,SOIC-8_5.3x5.3mm_P1.27mm,184.95,-89.725,0.0,top
U11,ESP32-C6_C5364646,QFN-40_L5.0-W5.0-P0.40-TL-EP3.3,154.9,-104.39,180.0,top
U12,TCA9555RTWR,HVQFN-24_L4.0-W4.0-P0.50-BL-EP2.6,188.6,-111.325,-90.0,top
U13,CH340G,SOIC-16_3.9x9.9mm_P1.27mm,181.21,-100.5,90.0,top
U15,AMS1117-3.3,SOT-223-3_TabPin2,139.0,-110.7,-90.0,top
U2,TPS54560BDDA,Texas_R-PDSO-G8_EP2.95x4.9mm_Mask2.4x3.1mm_ThermalVias,104.65,-107.4,0.0,top
U3,FSUSB42UMX,UQFN-10_1.4x1.8mm_P0.4mm,157.9625,-114.6,0.0,top
U302,CH334P,QFN-16-1EP_3x3mm_P0.5mm_EP1.7x1.7mm,175.75,-109.1,180.0,top
U4,TPD2EUSB30DRTR-TP,SOT-723,162.2,-115.5,180.0,top
U5,TPD2EUSB30DRTR-TP,SOT-723,147.775,-115.3875,180.0,top
U6,TJA1044GTK_3Z,HVSON-8-1EP_3x3mm_P0.65mm_EP1.6x2.4mm,148.775,-111.875,-90.0,top
U7,FSUSB42UMX,UQFN-10_1.4x1.8mm_P0.4mm,164.4,-111.6125,-90.0,top
U8,ZD25Q128CSIGT,SOP-8_L5.3-W5.3-P1.27-LS7.9-BL,145.19,-103.05,180.0,top
U9,TPD2EUSB30DRTR-TP,SOT-723,181.5,-122.625,90.0,top
X2,"40MHz, 15pF",OSC-SMD_4P-L3.2-W2.5-BL_SIT8008BI,153.575,-111.575,0.0,top
X3,X322512MSB4SI,CRYSTAL-SMD_4P-L3.2-W2.5-BL,188.21,-102.15,180.0,top
Y900,Crystal_GND24,Crystal_SMD_3225-4Pin_3.2x2.5mm,181.45,-110.6,0.0,top
